period,scenario,subperiod,Solar1
1,1,1,183706.42931
1,2,1,183706.42931
1,3,1,183706.42931
1,4,1,185779.199753
1,5,1,185779.199753
1,6,1,185779.199753
1,7,1,185779.199753
1,8,1,185779.199753
1,9,1,185779.199753
1,10,1,183706.42931
1,11,1,183706.42931
1,12,1,183706.42931
2,1,1,182668.800144
2,2,1,182668.800144
2,3,1,182668.800144
2,4,1,184741.570587
2,5,1,184741.570587
2,6,1,184741.570587
2,7,1,184741.570587
2,8,1,184741.570587
2,9,1,184741.570587
2,10,1,182668.800144
2,11,1,182668.800144
2,12,1,182668.800144
